{"gelu": [7.889498, 7.885531, 7.915931, 7.900722, 7.90254, 7.908744, 7.918127, 7.9111, 7.900291, 7.911111, 7.894631, 7.937593, 7.989582, 7.887553, 7.885586, 7.894241, 7.912389, 7.918323, 7.880757], "leaky_relu": [6.439139, 6.446512, 6.417477, 6.400082, 6.429045, 6.431254, 6.415836, 6.401637, 6.398206, 6.443522, 6.445894, 6.424309, 6.427898, 6.403661, 6.431162, 6.461154, 6.464078, 6.413352, 6.449355], "mish": [7.45018, 7.316295, 7.332705, 7.304601, 7.295709, 7.334208, 7.312846, 7.335474, 7.287054, 7.324351, 7.298763, 7.311244, 7.289933, 7.274115, 7.266683, 7.28274, 7.275852, 7.257677, 7.26128], "swish": [6.976601, 6.941765, 6.934826, 6.98222, 7.442896, 6.946239, 6.902601, 6.902627, 6.920394, 6.89938, 6.956405, 6.906617, 6.925554, 6.902305, 6.880839, 6.883564, 6.937128, 6.917097, 6.913043], "modulus": [6.399415, 6.356779, 6.371417, 6.45949, 6.325244, 6.348428, 6.312294, 6.328627, 6.362991, 6.430093, 6.36457, 6.401246, 6.401782, 6.412568, 6.417939, 6.486611, 6.423783, 6.392735, 6.377146]}