{"loss": 0.5413299202919006, "accuracy": 0.8429820537567139, "recall": 0.8017390966415405, "precision": 0.9075607061386108, "iou": 0.6463834047317505}