{"loss": 0.5544934868812561, "accuracy": 0.8398852944374084, "recall": 0.7974351048469543, "precision": 0.9058696627616882, "iou": 0.6370142102241516}