{"loss": 0.5550049543380737, "accuracy": 0.8393409252166748, "recall": 0.796462893486023, "precision": 0.906750500202179, "iou": 0.6390745043754578}