{"loss": 0.5561545491218567, "accuracy": 0.8417903780937195, "recall": 0.8033292889595032, "precision": 0.904321014881134, "iou": 0.6519950032234192}