{"loss": 0.5691854953765869, "accuracy": 0.8359976410865784, "recall": 0.7914679646492004, "precision": 0.9057879447937012, "iou": 0.6301195025444031}