{"loss": 0.26414576172828674, "accuracy": 0.9594021439552307, "dice_coef": 0.7358542680740356, "recall": 0.8621942400932312, "precision": 0.6484911441802979}