{"loss": 0.2572094798088074, "accuracy": 0.9647723436355591, "dice_coef": 0.7427905797958374, "recall": 0.867472231388092, "precision": 0.6704921722412109}