{"loss": 0.24227508902549744, "accuracy": 0.9651805758476257, "dice_coef": 0.757724940776825, "recall": 0.8347703814506531, "precision": 0.6970535516738892}