{"loss": 0.2626950740814209, "accuracy": 0.9669941663742065, "dice_coef": 0.7373048067092896, "recall": 0.8354895710945129, "precision": 0.6811926364898682}