{"loss": 0.27898845076560974, "accuracy": 0.9592810273170471, "dice_coef": 0.7210115790367126, "recall": 0.8444358706474304, "precision": 0.6376543045043945}