{"loss": 0.2504018545150757, "accuracy": 0.9655444622039795, "dice_coef": 0.7495982646942139, "recall": 0.8664790391921997, "precision": 0.6734524369239807}