{"loss": 0.248194620013237, "accuracy": 0.9663524031639099, "dice_coef": 0.7518053650856018, "recall": 0.8522722721099854, "precision": 0.684431791305542}